link,date
https://i.postimg.cc/52vJB77X/1014-t62-obr1967.jpg,NO_DATE_FOUND
https://i.postimg.cc/T2SbrcFJ/1026-t62m-capt.jpg,NO_DATE_FOUND
https://i.postimg.cc/0j6ky0Rd/1101-T-62-M-Obr-2022-destr26-10-24.jpg,26-10-2024
https://i.postimg.cc/x8fnwmgv/1011_T-62M_Obr._2022_destr_19_03_25.jpg,19-03-2025
https://i.postimg.cc/SQYyjpnT/887.jpg,17-04-2022
https://i.postimg.cc/zBPksXf8/1000-t-72a.jpg,NO_DATE_FOUND
https://i.postimg.cc/VkHjZR9j/266.png,17-05-2022
https://i.postimg.cc/fR99sv0Q/1019-t72av-capt.jpg,12-10-2022
https://i.postimg.cc/rF0xgMxn/87.jpg,08-04-2022
https://i.postimg.cc/g2X2fTvd/1002-t72b.jpg,NO_DATE_FOUND
https://i.postimg.cc/MZQQkBRz/11-16-2022-T-72-B-destroyed.png,16-11-2022
https://i.postimg.cc/nhkLQRHd/1027-t72b-destr-xx-08-22.jpg,15-08-2022
https://i.postimg.cc/wxmTkTqR/1032-1x-t72b3m-2x-t72b-destr-xx-08-23.jpg,15-08-2023
https://i.postimg.cc/wxmTkTqR/1032-1x-t72b3m-2x-t72b-destr-xx-08-23.jpg,15-08-2023
https://i.postimg.cc/K8hxLxrJ/1300-t72b.jpg,19-08-2022
https://i.postimg.cc/yYR7RpLg/433f.png,NO_DATE_FOUND
https://i.postimg.cc/xCXPxnKM/g3.png,03-02-2022
https://i.postimg.cc/KvgcN12R/3786.png,15-02-2023
https://i.postimg.cc/vZbBJZJf/1026-t72b-capt.jpg,NO_DATE_FOUND
https://i.postimg.cc/k4jjk5XP/4433.jpg,01-04-2022
https://i.postimg.cc/X7jJqvZ8/276.png,15-12-2022
https://i.postimg.cc/HWXSMGPQ/1001.jpg,NO_DATE_FOUND
https://i.postimg.cc/8PQKDG7t/ta2.png,02-03-2022
https://i.postimg.cc/C5KNY21Q/1003.jpg,11-05-2022
https://i.postimg.cc/qvjrTktx/6698.png,04-07-2022
https://i.postimg.cc/ZYFZHnCh/54g.png,02-03-2023
https://i.postimg.cc/XvBxktkQ/1024-t72b1989-dam-aband.png,NO_DATE_FOUND
https://i.postimg.cc/ht5pxKTX/1033-t72bobr2022-destr-06-03-24-jpg.jpg,06-03-2024
https://i.postimg.cc/MG11NVNY/1017-t72bobr2022-dam-aband.jpg,NO_DATE_FOUND
https://i.postimg.cc/J0S24x0f/t1.png,22-03-2022
https://i.postimg.cc/VNHPkyZz/66889.jpg,31-03-2022
https://i.postimg.cc/BZjGgMFV/1004-t72b3.jpg,NO_DATE_FOUND
https://i.postimg.cc/4yf3q41F/1001-t72b3.jpg,NO_DATE_FOUND
https://i.postimg.cc/VLw50mt4/1007-t72b3-destr.jpg,13-12-2022
https://i.postimg.cc/J0Zr7K65/1031-t72b3-destr-xx-08-22.jpg,15-08-2022
https://i.postimg.cc/MH47XFMg/776p.png,31-07-2022
https://i.postimg.cc/fLvfV5Nc/3328.png,NO_DATE_FOUND
https://i.postimg.cc/rsyFds36/e1.jpg,08-03-2022
https://postlmg.cc/dhTQRzCD,NO_DATE_FOUND
https://i.postimg.cc/fyBP7Tg5/4313.png,15-02-2023
https://i.postimg.cc/Xqf7LzV9/1004-t72b3.jpg,07-04-2022
https://i.postimg.cc/0QS5P0Wt/4d.jpg,10-05-2022
https://i.postimg.cc/8P570LWL/2d4.png,27-03-2022
https://i.postimg.cc/FRchYQZY/1048-t72b3.jpg,15-04-2022
https://i.postimg.cc/L6tGr73p/bb665.png,28-02-2022
https://i.postimg.cc/3RgpyvLd/556.jpg,28-02-2022
https://postimg.cc/DmFqnNRW,NO_DATE_FOUND
https://i.postimg.cc/6pxGPp97/1003-t72b3m-destr.jpg,NO_DATE_FOUND
https://i.postimg.cc/9MgnjkFX/6hh.png,28-02-2022
https://i.postimg.cc/wxmTkTqR/1032-1x-t72b3m-2x-t72b-destr-xx-08-23.jpg,15-08-2023
https://i.postimg.cc/L4CtS5dJ/52.png,NO_DATE_FOUND
https://i.postimg.cc/vT0msRq8/1003-t72b3m.jpg,NO_DATE_FOUND
https://i.postimg.cc/qB1BgTw4/1006-t72b3m.jpg,NO_DATE_FOUND
https://i.postimg.cc/WzryJ19b/1113-T-72-B3-Obr-2016-destr31-10-24.jpg,31-10-2024
https://i.postimg.cc/0jZSwLfn/554.jpg,NO_DATE_FOUND
https://i.postimg.cc/0jZSwLfn/554.jpg,NO_DATE_FOUND
https://i.postimg.cc/0jZSwLfn/554.jpg,NO_DATE_FOUND
https://i.postimg.cc/pV6B64PB/image.jpg,10-05-2022
https://i.postimg.cc/ZRJdQPSQ/476.png,15-01-2023
https://i.postimg.cc/1RNtBXTF/133.png,NO_DATE_FOUND
https://i.postimg.cc/HLxcfM3W/352.png,06-11-2023
https://i.postimg.cc/QtPSk4Q9/245.png,15-02-2023
https://i.postimg.cc/449KNqZG/1060-T-80-BV-destr29-02-24.jpg,29-02-2024
https://i.postimg.cc/66npYVWP/1044-t80bv-capt-xx-10-22.jpg,15-10-2022
https://i.postimg.cc/mgFkH5NF/1500-2x-t80bv-destr-1.jpg,NO_DATE_FOUND
https://i.postimg.cc/mgFkH5NF/1500-2x-t80bv-destr-1.jpg,NO_DATE_FOUND
https://i.postimg.cc/pX5tzF3s/1050-t80bv-obr2022.jpg,NO_DATE_FOUND
https://i.postimg.cc/gkNNSx7q/1040-t80bv-obr2022-destr16-05-24.jpg,16-05-2024
https://i.postimg.cc/ZKY1hC9T/r2.jpg,09-04-2022
https://i.postimg.cc/5NDMqwwX/131j.png,NO_DATE_FOUND
https://i.postimg.cc/FHWbsTzf/87j.jpg,12-06-2022
https://i.postimg.cc/L6wNT0jg/1010.jpg,24-07-2022
https://i.postimg.cc/mg86Vqy2/87.png,NO_DATE_FOUND
https://i.postimg.cc/DZqKW1G3/4gf.png,13-03-2022
https://i.postimg.cc/5yzWxdKB/1015-t80bvm-capt.jpg,NO_DATE_FOUND
https://i.postimg.cc/hPHLMRrc/65h.png,02-03-2022
https://i.postimg.cc/ydwNCp5H/3272.png,16-01-2023
https://postimg.cc/NKF86nrG/c1c3d497,24-05-2024
https://i.postimg.cc/hvpnT1NK/1044-unkn-tank-destr-3001-24.jpg,31-01-2024
https://i.postimg.cc/3wNGffHX/337.png,15-05-2023
https://i.postimg.cc/wjN45gSz/6525.png,15-07-2023
https://i.postimg.cc/C55Q4ZtW/1046-Unknown-tank-destr-113-08-24.jpg,13-08-2024
https://i.postimg.cc/bw8mSMpV/1010-BRM-1-K.jpg,17-07-2022
https://i.postimg.cc/sg8MqfCK/1022-mtlb.jpg,12-04-2022
https://i.postimg.cc/R0vkHGqJ/mdes1.png,28-03-2022
https://i.postimg.cc/2yjvr4D4/1.jpg,12-05-2022
https://postlmg.cc/PNNpxXj3,NO_DATE_FOUND
https://i.postimg.cc/wMv4MPKW/1006.jpg,NO_DATE_FOUND
https://i.postimg.cc/gJWPGKj7/1001.jpg,NO_DATE_FOUND
https://i.postimg.cc/QVL9CqcX/1004.jpg,NO_DATE_FOUND
https://postimg.cc/xq7kNwj0,NO_DATE_FOUND
https://i.postimg.cc/v8xs7f84/1014-imr2-mtlb-destr.jpg,NO_DATE_FOUND
https://i.postimg.cc/mr1ZBfhv/365.png,15-04-2023
https://i.postimg.cc/J4nrsnLv/3325.png,15-02-2023
https://i.postimg.cc/85GW4kh8/633.png,15-02-2023
https://i.postimg.cc/MTLtBj3D/3380.png,15-05-2023
https://i.postimg.cc/59zXkPdS/54211.png,15-02-2023
https://i.postimg.cc/HjG6RFgJ/1024-mtlb-dam.jpg,NO_DATE_FOUND
https://i.postimg.cc/2jhR1hxm/1003-mtlb.jpg,16-08-2022
https://i.postimg.cc/3x3gDQjJ/MT-LB-captured-unknown-date-4th-Tank-Div.png,NO_DATE_FOUND
https://postimg.cc/wRt7bV28,NO_DATE_FOUND
https://i.postimg.cc/RVsSDLT5/1031-mtlb-capt.jpg,NO_DATE_FOUND
https://i.postimg.cc/fRnQPZnN/7.jpg,NO_DATE_FOUND
https://i.postimg.cc/MKGTYTHn/1004-MT-LBVMK.jpg,NO_DATE_FOUND
https://i.postimg.cc/90DkvGwk/1027-MT-LBVMK-destr.jpg,NO_DATE_FOUND
https://i.postimg.cc/XYdLBXZx/3276.png,NO_DATE_FOUND
https://postimg.cc/kVkQ4mk3,NO_DATE_FOUND
https://i.postimg.cc/fbVdHhrc/1022-mtlbvmk-capt.jpg,NO_DATE_FOUND
https://i.postimg.cc/L4V6zpYs/1010-MT-LBVMK-capt.jpg,NO_DATE_FOUND
https://i.postimg.cc/26NkkVKv/1013-mtlbvmk-capt.jpg,NO_DATE_FOUND
https://i.postimg.cc/y856GfhL/1015-mtlbvm-capt.jpg,NO_DATE_FOUND
https://i.postimg.cc/Cxfq7cg7/1006.jpg,NO_DATE_FOUND
https://i.postimg.cc/Gm7YJpq3/1023-MT-LB-with-ZU-23-AA-gun.jpg,NO_DATE_FOUND
https://i.postimg.cc/L6c699vC/4f5.png,NO_DATE_FOUND
https://i.postimg.cc/wTZRmzx8/dt1.png,NO_DATE_FOUND
https://i.postimg.cc/NMHbRf94/215.png,NO_DATE_FOUND
https://i.postimg.cc/65hfLF6x/254.png,NO_DATE_FOUND
https://i.postimg.cc/xddhrdfH/1000-unknown-afv.jpg,NO_DATE_FOUND
https://i.postimg.cc/TYLJRM6s/1009_Unknown_IFV_destr_25_07_24.jpg,NO_DATE_FOUND
https://i.postimg.cc/QtvsXKVj/1060-unkn-afv-destr24-10-24.jpg,NO_DATE_FOUND
https://i.postimg.cc/YSKxYwgj/12.jpg,NO_DATE_FOUND
https://i.postimg.cc/v8hT99YR/1000-bmp1.jpg,NO_DATE_FOUND
https://i.postimg.cc/T30Z5YxC/1022-bmp1-destr.jpg,NO_DATE_FOUND
https://i.postimg.cc/650HYjPQ/1023-bmp1-destr.jpg,NO_DATE_FOUND
https://i.postimg.cc/Gtw6gD0S/1002-bmp1-destr-xx-03-22.jpg,NO_DATE_FOUND
https://i.postimg.cc/rwTJ2MmH/659.png,NO_DATE_FOUND
https://i.postimg.cc/cCK2hMgq/438.png,NO_DATE_FOUND
https://i.postimg.cc/RVQYx1yz/338.png,NO_DATE_FOUND
https://i.postimg.cc/qBFBdJ72/235.png,NO_DATE_FOUND
https://i.postimg.cc/fyBP7Tg5/4313.png,NO_DATE_FOUND
https://i.postimg.cc/fyBP7Tg5/4313.png,NO_DATE_FOUND
https://i.postimg.cc/Tw39wdp1/2477.png,NO_DATE_FOUND
https://i.postimg.cc/SKKYRZmm/5481.png,NO_DATE_FOUND
https://i.postimg.cc/MHhSpxcG/4335.png,NO_DATE_FOUND
https://i.postimg.cc/W4wTp5Qd/6h5.png,NO_DATE_FOUND
https://i.postimg.cc/kG9LR8PP/67.png,NO_DATE_FOUND
https://i.postimg.cc/HsNRcpkb/1002.jpg,NO_DATE_FOUND
https://i.postimg.cc/5NDK9ns3/1003.jpg,NO_DATE_FOUND
https://postimg.cc/D8D0p2CH,NO_DATE_FOUND
https://i.postimg.cc/P5dzz35Q/dd.jpg,NO_DATE_FOUND
https://i.postimg.cc/qvkx4tbF/11-14-2022-BMP-1-AM-damaged.png,NO_DATE_FOUND
https://i.postimg.cc/BbPvL9ZN/hh7.jpg,NO_DATE_FOUND
https://i.postimg.cc/vZpbpC2m/415.png,NO_DATE_FOUND
https://i.postimg.cc/BnBx7nDb/764.png,NO_DATE_FOUND
https://i.postimg.cc/9M863pB3/1033-bmp2.jpg,NO_DATE_FOUND
https://i.postimg.cc/zvB5NG1f/b11.jpg,NO_DATE_FOUND
https://i.postimg.cc/Jz5BYrSm/1016-BMP-2.jpg,NO_DATE_FOUND
https://postlmg.cc/F19RgZv9,NO_DATE_FOUND
https://i.postimg.cc/nLbYPTZR/1013.jpg,NO_DATE_FOUND
https://i.postimg.cc/nLbYPTZR/1013.jpg,NO_DATE_FOUND
https://i.postimg.cc/VkfPS31t/1002-bmp2.jpg,NO_DATE_FOUND
https://i.postimg.cc/j2tZgYMQ/1005-bmp2.jpg,NO_DATE_FOUND
https://i.postimg.cc/XqXchKsz/1051-bmp2.jpg,NO_DATE_FOUND
https://i.postimg.cc/N0H0NK8k/1054-bmp2.jpg,NO_DATE_FOUND
https://i.postimg.cc/2jvK9ZfW/1008-bmp2.jpg,NO_DATE_FOUND
https://i.postimg.cc/nrSTmKnr/1002-bmp2-destr.jpg,NO_DATE_FOUND
https://i.postimg.cc/kgPmZYtH/1003-bmp2-destr.jpg,NO_DATE_FOUND
https://i.postimg.cc/jdNgBTzj/1501-bmp2-destr.jpg,NO_DATE_FOUND
https://i.postimg.cc/28gSVGz0/1025-bmp2-destr.jpg,NO_DATE_FOUND
https://i.postimg.cc/v8PJX4tz/1007-bmp2-destr.jpg,NO_DATE_FOUND
https://i.postimg.cc/fykg1vfv/1028-bmp2-destr.jpg,NO_DATE_FOUND
https://i.postimg.cc/CLbYCM9c/1009-bmp2-destr.jpg,NO_DATE_FOUND
https://i.postimg.cc/zB73rD6Q/1010-bmp2-destr-xx-03-22.jpg,NO_DATE_FOUND
https://i.postimg.cc/8Cy7y71d/325.png,NO_DATE_FOUND
https://i.postimg.cc/VNsD83Mq/23.png,NO_DATE_FOUND
https://i.postimg.cc/gcDnhF47/323.png,NO_DATE_FOUND
https://i.postimg.cc/QtPSk4Q9/245.png,NO_DATE_FOUND
https://i.postimg.cc/k5LHm5v5/269.png,NO_DATE_FOUND
https://i.postimg.cc/Y2bvybn3/1015-2x-bmp2-1x-destr-1x-aband.jpg,NO_DATE_FOUND
https://i.postimg.cc/qqr6wC2F/1065-bmp2-destr.jpg,NO_DATE_FOUND
https://i.postimg.cc/fLVPtcWv/1026-bmp2-dam.jpg,NO_DATE_FOUND
https://i.postimg.cc/vBy9TRg0/77699.png,NO_DATE_FOUND
https://i.postimg.cc/vmzFcYFS/4311.png,NO_DATE_FOUND
https://i.postimg.cc/3rnkfHx6/548.png,NO_DATE_FOUND
https://i.postimg.cc/Y2bvybn3/1015-2x-bmp2-1x-destr-1x-aband.jpg,NO_DATE_FOUND
https://i.postimg.cc/q7PzsbP6/1012.jpg,NO_DATE_FOUND
https://i.postimg.cc/3RgGBb5v/76440.png,NO_DATE_FOUND
https://i.postimg.cc/sDb7rVKc/87.jpg,NO_DATE_FOUND
https://i.postimg.cc/WpWpDmYd/1035.jpg,NO_DATE_FOUND
https://i.postimg.cc/gcXCN37v/367.png,NO_DATE_FOUND
https://postimg.cc/mPHvd9Sy,NO_DATE_FOUND
https://i.postimg.cc/gch17HLN/448.png,NO_DATE_FOUND
https://i.postimg.cc/vBhy081p/1009-bmp2-capt.jpg,NO_DATE_FOUND
https://i.postimg.cc/qv97BSD9/1005-bmp2-capt.jpg,NO_DATE_FOUND
https://i.postimg.cc/3xGzKn5S/1008-bmp2-capt.jpg,NO_DATE_FOUND
https://i.postimg.cc/Sx7Q1TWk/1008-bmp2-capt-xx-12-22.jpg,NO_DATE_FOUND
https://i.postimg.cc/N0G7yjxZ/m7.jpg,NO_DATE_FOUND
https://i.postimg.cc/Nf5WnQNw/1020-bmp2-destr.jpg,NO_DATE_FOUND
https://i.postimg.cc/hP6HWNwQ/1024-bmp2-capt.jpg,NO_DATE_FOUND
https://i.postimg.cc/D0NRFvR3/1004-BMP-2-675-SB3-KDZ-destr.jpg,NO_DATE_FOUND
https://i.postimg.cc/QM8BYJnd/1000-bmp2m-2x.jpg,NO_DATE_FOUND
https://i.postimg.cc/QM8BYJnd/1000-bmp2m-2x.jpg,NO_DATE_FOUND
https://i.postimg.cc/dtxz64Y5/763.png,NO_DATE_FOUND
https://i.postimg.cc/8CPg5d7h/439.png,NO_DATE_FOUND
https://postimg.cc/K1cq85Q4,NO_DATE_FOUND
https://i.postimg.cc/05JBw71t/90.png,NO_DATE_FOUND
https://i.postimg.cc/qBK3s7YK/1033-bmp3-destr-16-02-4.jpg,NO_DATE_FOUND
https://i.postimg.cc/L806F79r/1003-bmp3-destr.jpg,NO_DATE_FOUND
https://i.postimg.cc/bvP70Dw3/779.png,NO_DATE_FOUND
https://i.postimg.cc/43hJcMc6/2870.png,NO_DATE_FOUND
https://i.postimg.cc/Hn366tm1/4385.png,NO_DATE_FOUND
https://i.postimg.cc/t4sQhjyK/5415.png,NO_DATE_FOUND
https://i.postimg.cc/sxzrtXqT/1050-BMP-3-destr-25-012-24.jpg,NO_DATE_FOUND
https://i.postimg.cc/L6wNT0jg/1010.jpg,NO_DATE_FOUND
https://i.postimg.cc/Xvx27gCN/4387.png,NO_DATE_FOUND
https://i.postimg.cc/rpMDVjLj/1028-MT-LBM-6-BM-cam-capt.jpg,NO_DATE_FOUND
https://i.postimg.cc/Kzg8L65Y/1016-bmd2-destr-28-10.jpg,NO_DATE_FOUND
https://i.postimg.cc/mkVg9MC7/bmddd2.jpg,NO_DATE_FOUND
https://i.postimg.cc/1XydKyd8/1022-BMD2.jpg,NO_DATE_FOUND
https://i.postimg.cc/J0sCsJwx/11-19-2022-BMD-2-destroyed.png,NO_DATE_FOUND
https://i.postimg.cc/G2zTZTsC/425.png,NO_DATE_FOUND
https://i.postimg.cc/gJJBgJ8X/1056-BMD-2-destr06-03-25.jpg,NO_DATE_FOUND
https://i.postimg.cc/85LwdnhZ/4566.png,NO_DATE_FOUND
https://i.postimg.cc/85LwdnhZ/4566.png,NO_DATE_FOUND
https://i.postimg.cc/85LwdnhZ/4566.png,NO_DATE_FOUND
https://i.postimg.cc/JhcgX0hj/1014-bmd2-capt.jpg,NO_DATE_FOUND
https://i.postimg.cc/VkZh32ty/31d1.png,NO_DATE_FOUND
https://i.postimg.cc/8505Jdb5/1029-BMD4-M.jpg,NO_DATE_FOUND
https://i.postimg.cc/TYqj7gsQ/1003-bmd4.jpg,NO_DATE_FOUND
https://i.postimg.cc/Ls3m18jG/11-16-2022-BMD-4-M-destroyed.jpg,NO_DATE_FOUND
https://i.postimg.cc/Rhd9kqnH/66593.png,NO_DATE_FOUND
https://i.postimg.cc/T1YzwHZQ/431g.png,NO_DATE_FOUND
https://i.postimg.cc/KzXtVmYY/1014-1x-destr-1x-capt-btr82a-xx-04-22.jpg,NO_DATE_FOUND
https://i.postimg.cc/L68t86r7/1029-btr82a-destr-xx-08-22.jpg,NO_DATE_FOUND
https://i.postimg.cc/CLhjdNRy/260.png,NO_DATE_FOUND
https://i.postimg.cc/QxvQSDTC/3286.png,NO_DATE_FOUND
https://i.postimg.cc/nzJ5S2zL/9.png,NO_DATE_FOUND
https://i.postimg.cc/qB2DL982/480.png,NO_DATE_FOUND
https://i.postimg.cc/3rcrRL63/1018-btr82a-destr-29-2-24.jpg,NO_DATE_FOUND
https://postimg.cc/V5gxk7Kq/78b0dade,NO_DATE_FOUND
https://i.postimg.cc/GpPxHgvr/65h.png,NO_DATE_FOUND
https://i.postimg.cc/Y2vd4qQV/1003.jpg,NO_DATE_FOUND
https://i.postimg.cc/C5YTNK2T/03-30-2022-BTR-80-destroyed.png,NO_DATE_FOUND
https://i.postimg.cc/CMqnRjz2/11-16-2022-BTR-80-destroyed.png,NO_DATE_FOUND
https://i.postimg.cc/q7XzH6M6/488.png,NO_DATE_FOUND
https://i.postimg.cc/7PMdpBVq/328.png,NO_DATE_FOUND
https://i.postimg.cc/FKnhWXjZ/431.jpg,NO_DATE_FOUND
https://i.postimg.cc/RVHNwcb6/1045-btr80.jpg,NO_DATE_FOUND
https://i.postimg.cc/j5g8zKFp/1018-btr80.jpg,NO_DATE_FOUND
https://i.postimg.cc/fb5RL39Q/1001.jpg,NO_DATE_FOUND
https://i.postimg.cc/dtFCMyBy/1038-BTR-D.jpg,NO_DATE_FOUND
https://i.postimg.cc/SsT7PVRg/1077-BTR-D.jpg,NO_DATE_FOUND
https://i.postimg.cc/5yyXCVrD/327.png,NO_DATE_FOUND
https://i.postimg.cc/NFVY72Sw/g6.jpg,NO_DATE_FOUND
https://i.postimg.cc/d3jBDjhh/Screenshot-8448.png,NO_DATE_FOUND
https://i.postimg.cc/MpNTw1m0/3355.png,NO_DATE_FOUND
https://i.postimg.cc/ZKDrDbck/85.png,NO_DATE_FOUND
https://i.postimg.cc/CKCb5wrs/4fp.png,NO_DATE_FOUND
https://i.postimg.cc/pL2jmr8d/3359.png,NO_DATE_FOUND
https://i.postimg.cc/N0SPkDRH/1044-AMN-590951-VPK-Ural-dam-aband28-12-24.jpg,NO_DATE_FOUND
https://i.postimg.cc/htCYfcjM/1043-AMN-590951-VPK-Ural-aband28-12-24.jpg,NO_DATE_FOUND
https://i.postimg.cc/bvsBnWSP/1042-AMN-590951-VPK-Ural-aband28-12-24.jpg,NO_DATE_FOUND
https://i.postimg.cc/YS8KWtjG/7636.png,NO_DATE_FOUND
https://i.postimg.cc/fLLWyZ83/327g.png,NO_DATE_FOUND
https://i.postimg.cc/0NDDS05c/1043-R-142-NSA.jpg,NO_DATE_FOUND
https://i.postimg.cc/76946Frp/441.png,NO_DATE_FOUND
https://i.postimg.cc/qqq2jpHg/1003-R-149-MA1-destr-xx-09-22.jpg,NO_DATE_FOUND
https://i.postimg.cc/Xq51SPXw/1026-r-166-05.jpg,NO_DATE_FOUND
https://i.postimg.cc/L6S1qWf0/1017-r149ma1-capt.jpg,NO_DATE_FOUND
https://i.postimg.cc/gJBq1TXx/531.jpg,NO_DATE_FOUND
https://i.postimg.cc/7ZVjPfT2/3217.png,NO_DATE_FOUND
https://i.postimg.cc/SQ69cYqp/1000-R-419-L1.jpg,NO_DATE_FOUND
https://i.postimg.cc/mZjs3KJK/1007-MP-1-IM-destr.jpg,NO_DATE_FOUND
https://i.postimg.cc/d3pZQKHB/1019-MP-1-IM-Signals-vehicle.jpg,NO_DATE_FOUND
https://i.postimg.cc/FKjdyfpS/1006.jpg,NO_DATE_FOUND
https://i.postimg.cc/X7nH9fx0/1028.jpg,NO_DATE_FOUND
https://i.postimg.cc/L6vyDJ0g/1029.jpg,NO_DATE_FOUND
https://i.postimg.cc/4xqQS0vN/1022-ur77.jpg,NO_DATE_FOUND
https://i.postimg.cc/c4jBktHW/1028-brem1-aband-xx-08-22.jpg,NO_DATE_FOUND
https://i.postimg.cc/yxrD20wD/y6.jpg,NO_DATE_FOUND
https://i.postimg.cc/6qtF3QQ6/1025-BREM-1-capt-xx-xx-22.jpg,NO_DATE_FOUND
https://i.postimg.cc/SNhg6qwr/1023-Ural-4320-KT-L-recovery-vehicle-destr.jpg,NO_DATE_FOUND
https://i.postimg.cc/xdbysNZ7/5548.png,NO_DATE_FOUND
https://i.postimg.cc/v8xs7f84/1014-imr2-mtlb-destr.jpg,NO_DATE_FOUND
https://i.postimg.cc/bN93LWPj/1006-imr2-capt.jpg,NO_DATE_FOUND
https://i.postimg.cc/hPxWtr7P/INqk1cd-M-jpg-large.jpg,NO_DATE_FOUND
https://i.postimg.cc/xd2cNGZx/1089-Kam-AZ-5350-with-EOV-3523-Excavator.jpg,NO_DATE_FOUND
https://i.postimg.cc/G3Bb9zRy/2544.png,NO_DATE_FOUND
https://i.postimg.cc/SNmqGPbJ/1079-MTO-AG-3-M.jpg,NO_DATE_FOUND
https://i.postimg.cc/qB3HBsRX/1050-Transitional-link-pontoon-for-floating-unified-railway-bridge-ribbon-MLZh-VF-VT-destr-07-07-2.jpg,NO_DATE_FOUND
https://i.postimg.cc/3JJmTx8c/77666.jpg,NO_DATE_FOUND
https://i.postimg.cc/3JJmTx8c/77666.jpg,NO_DATE_FOUND
https://i.postimg.cc/XqDwsNYC/1010.jpg,NO_DATE_FOUND
https://i.postimg.cc/44YrQL44/1025-shrurm-s.jpg,NO_DATE_FOUND
https://i.postimg.cc/j2LJrjX2/1021-1-V13-1-battery-fire-control-centre-capt.jpg,NO_DATE_FOUND
https://i.postimg.cc/sx9cZ22w/1350.png,NO_DATE_FOUND
https://i.postimg.cc/SQZS7QJp/1016-1-V14-M-artillery-command-vehicle-for-1-V12-M-Mashina-S-Faltset-fire-control-system-destr.jpg,NO_DATE_FOUND
https://i.postimg.cc/6pHdsDmg/13.png,NO_DATE_FOUND
https://i.postimg.cc/BbJkL3hg/5f3.png,NO_DATE_FOUND
https://i.postimg.cc/43q5mT6p/1018-nona-k-capt.jpg,NO_DATE_FOUND
https://i.postimg.cc/htmv7tLn/1099-d30-destr11-06-24.jpg,NO_DATE_FOUND
https://i.postimg.cc/DzQV61cq/dbb.png,NO_DATE_FOUND
https://i.postimg.cc/DzQV61cq/dbb.png,NO_DATE_FOUND
https://i.postimg.cc/DzQV61cq/dbb.png,NO_DATE_FOUND
https://i.postimg.cc/DzQV61cq/dbb.png,NO_DATE_FOUND
https://i.postimg.cc/DzQV61cq/dbb.png,NO_DATE_FOUND
https://i.postimg.cc/DzQV61cq/dbb.png,NO_DATE_FOUND
https://i.postimg.cc/DzQV61cq/dbb.png,NO_DATE_FOUND
https://i.postimg.cc/DzQV61cq/dbb.png,NO_DATE_FOUND
https://i.postimg.cc/DzQV61cq/dbb.png,NO_DATE_FOUND
https://i.postimg.cc/DzQV61cq/dbb.png,NO_DATE_FOUND
https://i.postimg.cc/DzQV61cq/dbb.png,NO_DATE_FOUND
https://i.postimg.cc/J0Ncj6gb/b56.jpg,NO_DATE_FOUND
https://i.postimg.cc/Mp83pkdp/7h5.jpg,NO_DATE_FOUND
https://i.postimg.cc/Nfx4tqpS/5580.png,NO_DATE_FOUND
https://i.postimg.cc/J4LT6ZRT/43f.jpg,NO_DATE_FOUND
https://postimg.cc/Lnt8dttp,NO_DATE_FOUND
https://i.postimg.cc/bJnRnFgW/1009-2s3-destr.jpg,NO_DATE_FOUND
https://i.postimg.cc/nzqB10G8/1002-t80bv-destr.jpg,NO_DATE_FOUND
https://i.postimg.cc/YSt7jqrk/3270.png,NO_DATE_FOUND
https://i.postimg.cc/HxmZKjb7/1010.jpg,NO_DATE_FOUND
https://i.postimg.cc/595f9PS7/1006-2s3-akatsiya.jpg,NO_DATE_FOUND
https://i.postimg.cc/pLCh68nX/1007-msta-s.jpg,NO_DATE_FOUND
https://i.postimg.cc/JnRCFSRg/3351.png,NO_DATE_FOUND
https://i.postimg.cc/q7QfbqTJ/355.png,NO_DATE_FOUND
https://i.postimg.cc/yY8p4RrL/1050-msta-s-destr-26-12-233.jpg,NO_DATE_FOUND
https://i.postimg.cc/jdg41s5C/321.png,NO_DATE_FOUND
https://i.postimg.cc/HWwF34nD/1021-msta-sm2.jpg,NO_DATE_FOUND
https://i.postimg.cc/ZKBZC2t9/1012-2s7-malka-destr.jpg,NO_DATE_FOUND
https://i.postimg.cc/NMZ6BGxm/4320.png,NO_DATE_FOUND
https://i.postimg.cc/x16gjzR1/442.png,NO_DATE_FOUND
https://i.postimg.cc/hPQCVB37/37.png,NO_DATE_FOUND
https://i.postimg.cc/rs584vCw/43y.png,NO_DATE_FOUND
https://i.postimg.cc/MGwTHmFL/5489.png,NO_DATE_FOUND
https://i.postimg.cc/ZR7VdSvP/1027-bm21.jpg,NO_DATE_FOUND
https://i.postimg.cc/PJBtqvym/1018-bm21.jpg,NO_DATE_FOUND
https://i.postimg.cc/vmkTRrDF/1004-Tornado-G-destr-xx-xx-22.jpg,NO_DATE_FOUND
https://i.postimg.cc/dtj7Fs6v/5g5.png,NO_DATE_FOUND
https://i.postimg.cc/J7NYy6Nq/1027.jpg,NO_DATE_FOUND
https://i.postimg.cc/zGyV3M9z/1.png,NO_DATE_FOUND
https://i.postimg.cc/P56KnDN3/1001-zsu23-4-shilka-capt.jpg,NO_DATE_FOUND
https://i.postimg.cc/nzD9RjPx/4f6.png,NO_DATE_FOUND
https://i.postimg.cc/HsG5qygH/32651.png,NO_DATE_FOUND
https://i.postimg.cc/2S5pFRFQ/146.png,NO_DATE_FOUND
https://i.postimg.cc/jq8mRDgK/28.png,NO_DATE_FOUND
https://i.postimg.cc/FKLkHkg6/d8.png,NO_DATE_FOUND
https://i.postimg.cc/TYD4b2cb/1501-pantsir.jpg,NO_DATE_FOUND
https://i.postimg.cc/mkksTq0y/32gf.png,NO_DATE_FOUND
https://i.postimg.cc/tRNZJV81/43835.png,NO_DATE_FOUND
https://i.postimg.cc/wBF2QYQt/1006-Borisoglebsk-2-B-destr.jpg,NO_DATE_FOUND
https://i.postimg.cc/L6456Fm4/38.png,NO_DATE_FOUND
https://i.postimg.cc/RCjcz7sM/h7.jpg,NO_DATE_FOUND
https://i.postimg.cc/XJ2YWqt8/6y6.png,NO_DATE_FOUND
https://i.postimg.cc/3R8v9rk7/65.png,NO_DATE_FOUND
https://i.postimg.cc/8ch0qvfw/763.png,NO_DATE_FOUND
https://i.postimg.cc/zGGdTPWX/1003-su30.jpg,NO_DATE_FOUND
https://i.postimg.cc/qv4zqnd1/55j.png,NO_DATE_FOUND
https://i.postimg.cc/K4XpPNwS/image.jpg,NO_DATE_FOUND
https://i.postimg.cc/L8dKFLD0/439.png,NO_DATE_FOUND
https://i.postimg.cc/26wWKnTc/1080-tu22m-backfire.jpg,NO_DATE_FOUND
https://i.postimg.cc/W1R5JSBN/24k.png,NO_DATE_FOUND
https://i.postimg.cc/W1R5JSBN/24k.png,NO_DATE_FOUND
https://i.postimg.cc/Y98sFBYL/8875.png,NO_DATE_FOUND
https://i.postimg.cc/Y98sFBYL/8875.png,NO_DATE_FOUND
https://i.postimg.cc/0QqrWq7b/1052-luhansk-afb.jpg,NO_DATE_FOUND
https://i.postimg.cc/0QqrWq7b/1052-luhansk-afb.jpg,NO_DATE_FOUND
https://i.postimg.cc/d3hMnhnx/43887.png,NO_DATE_FOUND
https://i.postimg.cc/fbmnZmRv/r57.png,NO_DATE_FOUND
https://i.postimg.cc/gkWwPHcg/d333.png,NO_DATE_FOUND
https://i.postimg.cc/C587Myhq/4472.png,NO_DATE_FOUND
https://i.postimg.cc/0yT1fSjG/354.png,NO_DATE_FOUND
https://i.postimg.cc/0yT1fSjG/354.png,NO_DATE_FOUND
https://i.postimg.cc/R0k4cc7Z/548.png,NO_DATE_FOUND
https://i.postimg.cc/V6zN6zLy/533.png,NO_DATE_FOUND
https://i.postimg.cc/V6zN6zLy/533.png,NO_DATE_FOUND
https://i.postimg.cc/3xDHk4Tt/836.png,NO_DATE_FOUND
https://i.postimg.cc/QM7HJM92/1051-berdyansk-afb.jpg,NO_DATE_FOUND
https://i.postimg.cc/QM7HJM92/1051-berdyansk-afb.jpg,NO_DATE_FOUND
https://i.postimg.cc/QM7HJM92/1051-berdyansk-afb.jpg,NO_DATE_FOUND
https://i.postimg.cc/QM7HJM92/1051-berdyansk-afb.jpg,NO_DATE_FOUND
https://i.postimg.cc/QM7HJM92/1051-berdyansk-afb.jpg,NO_DATE_FOUND
https://i.postimg.cc/QM7HJM92/1051-berdyansk-afb.jpg,NO_DATE_FOUND
https://i.postimg.cc/GmLwHKZf/88755.png,NO_DATE_FOUND
https://i.postimg.cc/GmLwHKZf/88755.png,NO_DATE_FOUND
https://i.postimg.cc/QM7HJM92/1051-berdyansk-afb.jpg,NO_DATE_FOUND
https://i.postimg.cc/QM7HJM92/1051-berdyansk-afb.jpg,NO_DATE_FOUND
https://i.postimg.cc/QM7HJM92/1051-berdyansk-afb.jpg,NO_DATE_FOUND
https://i.postimg.cc/QM7HJM92/1051-berdyansk-afb.jpg,NO_DATE_FOUND
https://i.postimg.cc/0QqrWq7b/1052-luhansk-afb.jpg,NO_DATE_FOUND
https://i.postimg.cc/0QqrWq7b/1052-luhansk-afb.jpg,NO_DATE_FOUND
https://i.postimg.cc/0QqrWq7b/1052-luhansk-afb.jpg,NO_DATE_FOUND
https://i.postimg.cc/0QqrWq7b/1052-luhansk-afb.jpg,NO_DATE_FOUND
https://i.postimg.cc/DfXGmPhn/6658.png,NO_DATE_FOUND
https://i.postimg.cc/DfXGmPhn/6658.png,NO_DATE_FOUND
https://i.postimg.cc/DfXGmPhn/6658.png,NO_DATE_FOUND
https://postimg.cc/hX43wFVm,NO_DATE_FOUND
https://i.postimg.cc/3JvQ6666/IMG-4845.jpg,NO_DATE_FOUND
https://i.postimg.cc/FszPwDBL/3270.png,NO_DATE_FOUND
https://i.postimg.cc/zBJtTyvc/54.jpg,NO_DATE_FOUND
https://i.postimg.cc/fbVLCq1n/1004.jpg,NO_DATE_FOUND
https://i.postimg.cc/mDMLxnC0/542.png,NO_DATE_FOUND
https://i.postimg.cc/D06r8GnC/36.png,NO_DATE_FOUND
https://i.postimg.cc/zBNZxmHd/57p.png,NO_DATE_FOUND
https://i.postimg.cc/sgJ7QKJy/4439.png,NO_DATE_FOUND
https://i.postimg.cc/tgwcwDnq/544.png,NO_DATE_FOUND
https://postimg.cc/fkztstLf,NO_DATE_FOUND
https://i.postimg.cc/ncWt99Cy/4ff.png,NO_DATE_FOUND
https://i.postimg.cc/G3GCT98B/479.png,NO_DATE_FOUND
https://i.postimg.cc/ht00FV6v/5g5.png,NO_DATE_FOUND
https://i.postimg.cc/5NfHCQZp/4144.png,NO_DATE_FOUND
https://i.postimg.cc/rFYXYwyv/327.png,NO_DATE_FOUND
https://i.postimg.cc/yWq9mLBs/1000-Askold-Project-22800-Karakurt-class-corvette-destr.jpg,NO_DATE_FOUND
https://i.postimg.cc/yWq9mLBs/1000-Askold-Project-22800-Karakurt-class-corvette-destr.jpg,NO_DATE_FOUND
https://i.postimg.cc/dQbNmhLb/43111.png,NO_DATE_FOUND
https://i.postimg.cc/WtRtWZrQ/vlc-et-R7-GCoo-BA.jpg,NO_DATE_FOUND
https://i.postimg.cc/VkprYkSP/1005-Zi-L-131-destr.jpg,NO_DATE_FOUND
https://i.postimg.cc/8cnvpy4g/2374.png,NO_DATE_FOUND
https://i.postimg.cc/8cnvpy4g/2374.png,NO_DATE_FOUND
https://postimg.cc/PvwcD3Fp,NO_DATE_FOUND
https://postimg.cc/PvwcD3Fp,NO_DATE_FOUND
https://i.postimg.cc/WbkbXgR2/h8.png,NO_DATE_FOUND
https://i.postimg.cc/sxk0Y70k/1007.jpg,NO_DATE_FOUND
https://i.postimg.cc/tTQg2hTq/413.png,NO_DATE_FOUND
https://i.postimg.cc/mkym0kLq/1026.jpg,NO_DATE_FOUND
https://i.postimg.cc/3xL9xcqF/1149-ural.jpg,NO_DATE_FOUND
https://i.postimg.cc/xCKzMNbR/1008-truck.png,NO_DATE_FOUND
https://i.postimg.cc/8zKK8QRq/1015-ural.png,NO_DATE_FOUND
https://i.postimg.cc/W40kG01X/1017-ural.png,NO_DATE_FOUND
https://i.postimg.cc/28B8Lr6x/1018-ural.png,NO_DATE_FOUND
https://i.postimg.cc/T1vGrWhq/1019-ural.png,NO_DATE_FOUND
https://i.postimg.cc/XY1bsPpv/1020-ural.png,NO_DATE_FOUND
https://i.postimg.cc/XY1bsPpv/1020-ural.png,NO_DATE_FOUND
https://i.postimg.cc/XY1bsPpv/1020-ural.png,NO_DATE_FOUND
https://i.postimg.cc/MZvN59gR/1001.png,NO_DATE_FOUND
https://i.postimg.cc/02q2n0M9/1005.jpg,NO_DATE_FOUND
https://i.postimg.cc/MHx1D74G/1148-ural.jpg,NO_DATE_FOUND
https://i.postimg.cc/vTqPfDd7/1105_Ural-4320_2x.jpg,NO_DATE_FOUND
https://i.postimg.cc/vTqPfDd7/1105_Ural-4320_2x.jpg,NO_DATE_FOUND
https://i.postimg.cc/5tXDxk0L/1008-ural4320.jpg,NO_DATE_FOUND
https://i.postimg.cc/dtGtfRNF/1012-ural4320-destr.jpg,NO_DATE_FOUND
https://i.postimg.cc/FsWBKFrP/368.png,NO_DATE_FOUND
https://i.postimg.cc/d1X3gkwh/321.png,NO_DATE_FOUND
https://i.postimg.cc/RhBqL3mK/433.png,NO_DATE_FOUND
https://i.postimg.cc/k4Y4bj46/5421.png,NO_DATE_FOUND
https://i.postimg.cc/fbMd36PW/3211.png,NO_DATE_FOUND
https://i.postimg.cc/d3sgdH8c/2541.png,NO_DATE_FOUND
https://i.postimg.cc/Qtr2NxCt/378.png,NO_DATE_FOUND
https://i.postimg.cc/0QQJ1dRC/5417.png,NO_DATE_FOUND
https://i.postimg.cc/q7r8S3vm/541.png,NO_DATE_FOUND
https://i.postimg.cc/hP9TLyLq/4380.png,NO_DATE_FOUND
https://i.postimg.cc/GhTrHLBz/1006-Ural-4320.jpg,NO_DATE_FOUND
https://i.postimg.cc/VNwZpLhm/663.png,NO_DATE_FOUND
https://i.postimg.cc/1XtGFbF3/2d2.png,NO_DATE_FOUND
https://i.postimg.cc/8CmmLsRF/1114_Ural-4320_captured.jpg,NO_DATE_FOUND
https://i.postimg.cc/wvsYdX7k/1143-ural-capt-2x.jpg,NO_DATE_FOUND
https://i.postimg.cc/wvsYdX7k/1143-ural-capt-2x.jpg,NO_DATE_FOUND
https://i.postimg.cc/JhZnNckN/4f2.png,NO_DATE_FOUND
https://i.postimg.cc/gjtNKchd/5413.png,NO_DATE_FOUND
https://i.postimg.cc/zBspgFkS/1005-Ural-4320-Zvezda-V-dam-capt30-09-22.jpg,NO_DATE_FOUND
https://i.postimg.cc/Jnb4ZqnY/1164-ural-tanker.jpg,NO_DATE_FOUND
https://i.postimg.cc/R0PM0TjF/1130-Ural-4320-tanker.jpg,NO_DATE_FOUND
https://i.postimg.cc/pTSh61mZ/ural.png,NO_DATE_FOUND
https://i.postimg.cc/CxbjQs0Z/q1.png,NO_DATE_FOUND
https://i.postimg.cc/cLhWDm1m/1133-Ural-4320-tanker.jpg,NO_DATE_FOUND
https://i.postimg.cc/7ZwDMc4h/1134-Ural-4320-tanker.jpg,NO_DATE_FOUND
https://i.postimg.cc/7LxQ9kyh/1030-ural-tanker-capt-xx-11-22.jpg,NO_DATE_FOUND
https://i.postimg.cc/G2bNNBz1/1145-Ural-Avtozaks.jpg,NO_DATE_FOUND
https://i.postimg.cc/yNxfLwnc/358.png,NO_DATE_FOUND
https://i.postimg.cc/LsyMwjVR/3299.png,NO_DATE_FOUND
https://i.postimg.cc/yYj8Bk3k/1022-Ural-43206.png,NO_DATE_FOUND
https://i.postimg.cc/Gtzg1ZwB/11-16-2022-Ural-Federal-destroyed.jpg,NO_DATE_FOUND
https://i.postimg.cc/9F0R8bxW/1026-AS-4350-medical-vehicle-destr.jpg,NO_DATE_FOUND
https://i.postimg.cc/FsXhTL90/f57.png,NO_DATE_FOUND
https://i.postimg.cc/QCWFRHVQ/d5.jpg,NO_DATE_FOUND
https://i.postimg.cc/QCWFRHVQ/d5.jpg,NO_DATE_FOUND
https://i.postimg.cc/DzHJn4Sp/56.png,NO_DATE_FOUND
https://i.postimg.cc/02CDvrcV/3kamax.jpg,NO_DATE_FOUND
https://i.postimg.cc/02CDvrcV/3kamax.jpg,NO_DATE_FOUND
https://i.postimg.cc/02CDvrcV/3kamax.jpg,NO_DATE_FOUND
https://postimg.cc/VSyrkxVC,NO_DATE_FOUND
https://postimg.cc/njhmQ6vc,NO_DATE_FOUND
https://i.postimg.cc/FKXPQPBj/Y1ivk-XYV-jpg-medium.jpg,NO_DATE_FOUND
https://i.postimg.cc/mk12C0qG/1010-truck.jpg,NO_DATE_FOUND
https://i.postimg.cc/tJmvt3ms/1015-Kamaz-6x6.png,NO_DATE_FOUND
https://i.postimg.cc/02NWvJdh/1113-kamaz.jpg,NO_DATE_FOUND
https://i.postimg.cc/26f9Nc2x/1114-kamaz.jpg,NO_DATE_FOUND
https://i.postimg.cc/Df6jRcsq/1115-kamaz.jpg,NO_DATE_FOUND
https://i.postimg.cc/J4BXjr1G/1120-kamaz.jpg,NO_DATE_FOUND
https://i.postimg.cc/SsvXz536/1122-kamaz.jpg,NO_DATE_FOUND
https://i.postimg.cc/yxw7kZZj/1007-kamaz-6x6.jpg,NO_DATE_FOUND
https://i.postimg.cc/6QP0zDHK/1005-kamaz6x6x-destr.jpg,NO_DATE_FOUND
https://i.postimg.cc/P54fXXkF/1027-kamaz6x6-destr.jpg,NO_DATE_FOUND
https://i.postimg.cc/k5JHD6gC/1006-kamaz6x6-destr-05-10.jpg,NO_DATE_FOUND
https://i.postimg.cc/hj86y3wR/1017-kamaz-6x6-destr-xx-03-22.jpg,NO_DATE_FOUND
https://postlmg.cc/3d2Q7pJv,NO_DATE_FOUND
https://i.postimg.cc/SskmK19Q/779.png,NO_DATE_FOUND
https://i.postimg.cc/qRY1yBSQ/3282.png,NO_DATE_FOUND
https://i.postimg.cc/DZCYqGLY/3336.png,NO_DATE_FOUND
https://i.postimg.cc/hvJLYy3T/731.png,NO_DATE_FOUND
https://i.postimg.cc/651F2hqF/4310.png,NO_DATE_FOUND
https://i.postimg.cc/nhYTfP5N/225.png,NO_DATE_FOUND
https://i.postimg.cc/VvFy9Mv3/4382.png,NO_DATE_FOUND
https://i.postimg.cc/G2jhxL3d/x1.png,NO_DATE_FOUND
https://i.postimg.cc/W39WJvjf/4387.png,NO_DATE_FOUND
https://i.postimg.cc/zDxmfFC4/1030-kamaz6x6-capt.jpg,NO_DATE_FOUND
https://i.postimg.cc/L8pRqPGH/1016-kamaz-tanker.png,NO_DATE_FOUND
https://i.postimg.cc/L4jZ9H65/1004.jpg,NO_DATE_FOUND
https://i.postimg.cc/sDyG1tvc/1005.jpg,NO_DATE_FOUND
https://i.postimg.cc/SQ6kCh5B/1080-Kam-AZ-6x6-tanker.jpg,NO_DATE_FOUND
https://i.postimg.cc/mgrDW9jc/1136-kamaz-fuel.jpg,NO_DATE_FOUND
https://i.postimg.cc/jqDHzmfT/vlc-RNksf-LLSic.png,NO_DATE_FOUND
https://i.postimg.cc/3J9xYYwC/4777.png,NO_DATE_FOUND
https://i.postimg.cc/762Bt7mX/114.png,NO_DATE_FOUND
https://i.postimg.cc/W39WJvjf/4387.png,NO_DATE_FOUND
https://i.postimg.cc/W39WJvjf/4387.png,NO_DATE_FOUND
https://i.postimg.cc/yxJz9QDt/3d.png,NO_DATE_FOUND
https://i.postimg.cc/pdCPSvr3/437.png,NO_DATE_FOUND
https://i.postimg.cc/XqZpQvds/469.png,NO_DATE_FOUND
https://i.postimg.cc/3x7JQyzv/1025-uaz452-destr.jpg,NO_DATE_FOUND
https://i.postimg.cc/wMFWNrC6/4438.png,NO_DATE_FOUND
https://postimg.cc/XrK56zCd,NO_DATE_FOUND
https://i.postimg.cc/LXbx5t8X/u8s.jpg,NO_DATE_FOUND
https://i.postimg.cc/yNj7RjbV/uuk5.jpg,NO_DATE_FOUND
https://i.postimg.cc/VNzNm95F/1002.jpg,NO_DATE_FOUND
https://i.postimg.cc/7Y7b4hnh/1030-unkn-truck.jpg,NO_DATE_FOUND
